제목,차수,회의일,의원,내용
국가 AI컴퓨팅센터 구축 사업 천안 유치 위해 전폭적 지원해야,358회,2025-04-22,구형서,"충청남도의회 의원 여러분, 그리고 존경하는 도민 여러분, 안녕하십니까. 천안 불당동을 지역구로 두고 있는 구형서 의원입니다.

먼저 발언에 앞서 함께 애도의 마음을 갖고자 합니다. 부활절 다음날인 어제 프란치스코 교활께서 선종하셨습니다. 프란치스코 교황께서는 재임 기간 중 가난한 이, 소외받은 이들을 위한 삶을 실 천으로 모범을 보여주시며 전 세계에 많은 가르침과 울림을 주셨습니다. 프란치스코 교황님은 충남하고도 깊은 인연이 있어 그 슬픔은 더해집니다. 이 자리를 빌러 깊은 애도를 표하며 교황님이 주님 곁에서 평안한 안식을 누리시길 기도합니다.

오늘 저는 충남의 미래 성장동력 확보와 지역 균형발전을 위해 국가 AI컴퓨팅센터의 천안 유치 필요성과 도 차원의 전폭적 지원을 촉구하고자 이 자리에 섰습니다.

최근 대한민국은 통상환경의 불확실성과 내수 부진, 글로벌 기술 주권 경쟁 심화로 경제의 하방 압력이 커지고 있습니다.

특히 미국을 비롯한 주요국이 자국 우선주의를 넘어 단독주의까지 강화하면서, 국가 간 첨단기술 확보 경쟁은 그 어느 때보다 치열합니다.

이러한 위기와 변화에 대응하기 위해 정부는 과학기술과 디지털 기반 산업에 대한 선제적 투자와 AI 연구·개발 환경 조성에 박차를 가하고 있습니다.

그 핵심 사업이 바로 국가 AI컴퓨팅센터 구축입니다.

이 사업은 정부와 민간이 최대 2조 5천억 원을 투입해 1엑사플롭스급 초고성능 AI 인프라를 비수도권에 구축하여 국내외 기업과 공공 부문에 AI 인프라를 제공함으로써 대한민국의 AI 경쟁력을 획기적으로 끌어올릴 전략적 프로젝트입니다.

실제로 지난 2월 기업 및 지방자치단체 100여곳이 사업 참여의향서를 제출할 만큼 많은 관심을 받고 있습니다.

광주시와 전남도, 전북도는 호남지역 광역지자체의 국가 AI컴퓨팅센터 유치를 위해 호남권 경제연대를 강화하였습니다.

최근 광주시, 대구시 등은 대선 공약에 국가 AI컴퓨팅센터 유치를 반영하기 위해 적극적인 모습을 보이고 있습니다.

그만큼 AI산업의 핵심이 될 수 있는 국가 AI컴퓨팅센터 유치를 위해 사활을 걸고 있는 것입니다.

천안시도 공모 참여 의사를 밝혔습니다. 충남을 중심으로 충청권은340여 개 산업단지와 풍부한 산업기반, 수도권과의 뛰어난 접근성, 우수한 교통 인프라 등 AI컴퓨팅 서비스 이용 수요와 성장 잠재력이 매우 높은 도시입니다.

특히, 천안시는 12개 대학, 한국생산기술연구원, 한국자동차연구원 등 국가연구기관이 집적되어 있고, 이미 글로벌 빅테크 기업과 국내외 대표 IT기업 등 유수의 기업들이 천안 컨소시엄 참여를 검토하며 러브콜을 보내고 있습니다.

존경하는 동료 의원 여러분! 현재 호남권, 대구 등 타 광역지자체들도 대선 공약 반영과 지역 연대를 통해 국가 AI컴퓨팅센터 유치에 총력전을 펼치고 있습니다.

우리 충남 역시 단일화된 유치 후보지 선정, 충청권 광역연합 협력, 국내외 우수기업과의 컨소시엄 구성 등 전략적 대응이 절실합니다.

삼성SDS, 리벨리온, 카카오, 현대자동차 등의 국내기업과 엔비디아, 마이크로소프트, 구글, 아마존 등 글로벌 기업과의 연대를 강화하는 것이 핵심입니다.

다른 지역과 차별화된 논리로, 천안이야말로 AI컴퓨팅센터의 최적지임을 적극적으로 알리고 대응해야 합니다.

과학기술정신부에 따르면2026년 AI 산업 경제효과는 총 310조원으로 추정하고 있으며, 충남에 국가 AI컴퓨팅센터가 들어선다면, AI 관련 우수기업 유치와 인재 양성, 고용 확대, GRDP 상승 등 지역경제에 미치는 파급효과는 실로 막대할 것입니다.

이에 본 의원은 다음과 같이 제안합니다.

첫째, 천안 불당동 R&D집적지구를 국가 AI컴퓨팅센터 충청권 유치 예정지로 단일화하고, 충청권지방자치단체와 광역 협력을 강화해야 합니다.

둘째, 국내외 대표 IT·AI 기업과의 컨소시엄 구성을 위해 도의 모든 역량을 집중해야 합니다.

셋째, 타 시도의 대선 공약화 움직임에 논리적으로 대응하고, 천안이 최적지임을 적극 입증해야 합니다.

존경하는 도민 여러분, 그리고 의원 여러분!

국가 AI컴퓨팅센터 유치는 충남이 대한민국을 넘어 아시아를 대표하는 AI 산업 중심지로 도약할 절호의 기회입니다.

충남의 미래를 위해, 도의회와 집행부, 지역사회 모두가 한마음 한뜻으로 힘을 모아 주실 것을 간곡히 당부드립니다.

경청해 주셔서 감사합니다."
